{
	"viewport":	{
		"topLatitude": 49.2485668,
		"bottomLatitude": 48.1108602,
		"leftLongitude": 1.4403262,
		"rightLongitude": 3.5496114
	}
}